{
  "id": "1045952",
  "name": "猫眼",
  "font_family": "iconfont",
  "css_prefix_text": "icon-",
  "description": "",
  "glyphs": [
    {
      "icon_id": "156388",
      "name": "影院A",
      "font_class": "yingyuana",
      "unicode": "e61d",
      "unicode_decimal": 58909
    },
    {
      "icon_id": "714438",
      "name": "搜索",
      "font_class": "sousuo",
      "unicode": "e613",
      "unicode_decimal": 58899
    },
    {
      "icon_id": "720964",
      "name": "箭头",
      "font_class": "xiazai6",
      "unicode": "e606",
      "unicode_decimal": 58886
    },
    {
      "icon_id": "2578261",
      "name": "我的",
      "font_class": "wode",
      "unicode": "e605",
      "unicode_decimal": 58885
    },
    {
      "icon_id": "6119218",
      "name": "下-三角",
      "font_class": "below-s",
      "unicode": "e627",
      "unicode_decimal": 58919
    },
    {
      "icon_id": "6875117",
      "name": "电影",
      "font_class": "dianying",
      "unicode": "e717",
      "unicode_decimal": 59159
    }
  ]
}
